,Unnamed: 0,buying,maint,doors,persons,lug_boot,safety,result,C1,C2,C3
0,118,3,0,0,1,2,2,0,3,2,6
1,658,0,2,0,1,2,2,0,2,6,2
2,104,3,3,3,2,1,0,0,3,2,6
3,960,2,3,3,1,0,1,0,6,4,4
4,482,0,3,1,2,1,0,0,4,0,5
5,1004,2,0,1,0,1,0,0,6,4,4
6,624,0,0,3,0,1,1,0,4,0,2
7,221,3,2,0,0,1,0,0,5,5,0
8,339,3,1,0,1,0,1,0,5,5,0
9,964,2,3,3,2,2,2,0,6,4,4
10,1108,2,2,1,0,2,2,0,6,4,1
11,729,0,2,3,0,2,1,0,2,6,2
12,1656,1,1,1,1,2,1,0,1,3,3
13,1111,2,2,1,0,1,2,0,6,4,1
14,1378,1,3,3,0,2,2,0,0,1,1
15,491,0,3,2,0,1,0,0,4,0,5
16,1650,1,1,1,0,1,1,0,1,3,3
17,813,0,1,2,0,1,1,0,2,6,4
18,255,3,2,1,1,1,1,0,5,5,0
19,205,3,0,3,1,0,2,0,5,5,0
20,979,2,0,0,0,0,2,0,6,4,4
21,270,3,2,2,0,2,1,0,5,5,0
22,1482,1,0,2,2,0,1,0,1,3,3
23,1165,2,2,3,0,1,2,0,6,4,1
24,1006,2,0,1,0,0,2,0,6,4,4
25,380,3,1,2,0,2,0,0,5,5,5
26,109,3,0,0,0,2,2,0,3,2,6
27,1109,2,2,1,0,2,0,0,6,4,1
28,40,3,3,1,1,1,2,0,3,2,6
29,1138,2,2,2,0,1,2,0,6,4,1
30,1274,2,1,3,0,1,0,0,0,1,1
31,1243,2,1,2,0,2,2,0,0,1,1
32,1271,2,1,3,0,2,0,0,0,1,1
33,1536,1,2,0,2,0,1,0,1,3,3
34,1494,1,0,3,1,2,1,0,1,3,3
35,89,3,3,3,0,0,0,0,3,2,6
36,606,0,0,2,1,1,1,0,4,0,2
37,28,3,3,1,0,2,2,0,3,2,6
38,815,0,1,2,0,1,0,0,2,6,4
39,792,0,1,1,1,2,1,0,2,6,2
40,1567,1,2,2,0,2,2,0,1,3,3
41,1355,1,3,2,0,1,0,0,0,1,1
42,744,0,2,3,1,0,1,0,2,6,2
43,1141,2,2,2,0,0,2,0,6,4,1
44,492,0,3,2,0,0,1,0,4,0,5
45,735,0,2,3,0,0,1,0,2,6,2
46,145,3,0,1,1,2,2,0,3,2,6
47,1139,2,2,2,0,1,0,0,6,4,1
48,1239,2,1,1,2,0,1,0,0,1,1
49,1335,1,3,1,1,1,1,0,0,1,1
50,343,3,1,0,2,2,2,0,5,5,0
51,1546,1,2,1,0,0,2,0,1,3,3
52,1548,1,2,1,1,2,1,0,1,3,3
53,786,0,1,1,0,1,1,0,2,6,2
54,1083,2,2,0,0,1,1,0,6,4,4
55,811,0,1,2,0,2,2,0,2,6,4
56,1050,2,0,2,2,0,1,0,6,4,4
57,318,3,2,3,2,1,1,0,5,5,0
58,573,0,0,1,0,0,1,0,4,0,2
59,709,0,2,2,0,0,2,0,2,6,2
60,645,0,0,3,2,0,1,0,4,6,2
61,864,2,3,0,0,2,1,0,2,6,4
62,135,3,0,1,0,2,1,0,3,2,6
63,409,3,1,3,0,1,2,0,4,0,5
64,1485,1,0,3,0,2,1,0,1,3,3
65,402,3,1,2,2,0,1,0,4,0,5
66,187,3,0,2,2,0,2,0,5,5,0
67,1002,2,0,1,0,1,1,0,6,4,4
68,189,3,0,3,0,2,1,0,5,5,0
69,60,3,3,2,0,0,1,0,3,2,6
70,990,2,0,0,2,2,1,0,6,4,4
71,1195,2,1,0,0,0,2,0,0,1,1
72,784,0,1,1,0,2,2,0,2,6,2
73,1060,2,0,3,0,0,2,0,6,4,4
74,884,2,3,0,2,2,0,0,2,6,4
75,30,3,3,1,0,1,1,0,3,2,6
76,1122,2,2,1,1,0,1,0,6,4,1
77,1423,1,0,0,2,2,2,0,0,1,3
78,1395,1,3,3,2,2,1,0,0,1,1
79,4,3,3,0,0,1,2,0,3,2,6
80,683,0,2,1,0,0,0,0,2,6,2
81,141,3,0,1,0,0,1,0,3,2,6
82,1356,1,3,2,0,0,1,0,0,1,1
83,208,3,0,3,2,2,2,0,5,5,0
84,413,3,1,3,0,0,0,0,4,0,5
85,1398,1,3,3,2,1,1,0,0,1,1
86,1110,2,2,1,0,1,1,0,6,4,1
87,1443,1,0,1,1,1,1,0,0,1,3
88,1597,1,2,3,0,1,2,0,1,3,3
89,408,3,1,3,0,1,1,0,4,0,5
90,480,0,3,1,2,1,1,0,4,0,5
91,477,0,3,1,2,2,1,0,4,0,5
92,285,3,2,2,1,0,1,0,5,5,0
93,1266,2,1,2,2,0,1,0,0,1,1
94,1578,1,2,2,1,1,1,0,1,3,3
95,360,3,1,1,1,2,1,0,5,5,5
96,1476,1,0,2,2,2,1,0,1,3,3
97,49,3,3,1,2,1,2,0,3,2,6
98,1384,1,3,3,0,0,2,0,0,1,1
99,550,0,0,0,1,2,2,0,4,0,5
100,569,0,0,1,0,2,0,0,4,0,2
101,1385,1,3,3,0,0,0,0,0,1,1
102,1382,1,3,3,0,1,0,0,0,1,1
103,1512,1,2,0,0,2,1,0,1,3,3
104,435,0,3,0,0,1,1,0,4,0,5
105,71,3,3,2,1,0,0,0,3,2,6
106,1532,1,2,0,2,2,0,0,1,3,3
107,164,3,0,2,0,2,0,0,3,2,0
108,568,0,0,1,0,2,2,0,4,0,2
109,785,0,1,1,0,2,0,0,2,6,2
110,790,0,1,1,0,0,2,0,2,6,2
111,65,3,3,2,1,2,0,0,3,2,6
112,1437,1,0,1,0,0,1,0,0,1,3
113,1703,1,1,3,0,2,0,0,1,3,3
114,1377,1,3,3,0,2,1,0,0,1,1
115,1296,1,3,0,0,2,1,0,0,1,1
116,867,2,3,0,0,1,1,0,2,6,4
117,62,3,3,2,0,0,0,0,3,2,6
118,446,0,3,0,1,1,0,0,4,0,5
119,1176,2,2,3,1,0,1,0,0,1,1
120,454,0,3,0,2,1,2,0,4,0,5
121,950,2,3,3,0,1,0,0,6,4,4
122,321,3,2,3,2,0,1,0,5,5,0
123,1054,2,0,3,0,2,2,0,6,4,4
124,1440,1,0,1,1,2,1,0,0,1,3
125,1026,2,0,2,0,2,1,0,6,4,4
126,651,0,2,0,0,1,1,0,2,6,2
127,1169,2,2,3,0,0,0,0,6,4,1
128,458,0,3,0,2,0,0,0,4,0,5
129,1173,2,2,3,1,1,1,0,6,4,1
130,1063,2,0,3,1,2,2,0,6,4,4
131,1574,1,2,2,0,0,0,0,1,3,3
132,1152,2,2,2,2,2,1,0,6,4,1
133,1466,1,0,2,0,0,0,0,1,3,3
134,1449,1,0,1,2,2,1,0,0,1,3
135,1716,1,1,3,1,0,1,0,1,3,3
136,93,3,3,3,1,1,1,0,3,2,6
137,1089,2,2,0,1,2,1,0,6,4,4
138,1029,2,0,2,0,1,1,0,6,4,4
139,652,0,2,0,0,1,2,0,2,6,2
140,146,3,0,1,1,2,0,0,3,2,6
141,203,3,0,3,1,1,0,0,5,5,0
142,529,0,3,3,1,0,2,0,4,0,5
143,561,0,0,0,2,1,1,0,4,0,5
144,36,3,3,1,1,2,1,0,3,2,6
145,10,3,3,0,1,2,2,0,3,2,6
146,264,3,2,1,2,1,1,0,5,5,0
147,1333,1,3,1,1,2,2,0,0,1,1
148,618,0,0,2,2,0,1,0,4,0,2
149,1433,1,0,1,0,2,0,0,0,1,3
150,828,0,1,2,2,2,1,0,2,6,4
151,1358,1,3,2,0,0,0,0,0,1,1
152,396,3,1,2,2,2,1,0,5,5,5
153,150,3,0,1,1,0,1,0,3,2,6
154,761,0,1,0,0,1,0,0,2,6,2
155,1249,2,1,2,0,0,2,0,0,1,1
156,680,0,2,1,0,1,0,0,2,6,2
157,1332,1,3,1,1,2,1,0,0,1,1
158,1374,1,3,2,2,0,1,0,0,1,1
159,136,3,0,1,0,2,2,0,3,2,6
160,352,3,1,1,0,2,2,0,5,5,5
161,1081,2,2,0,0,2,2,0,6,4,4
162,702,0,2,2,0,2,1,0,2,6,2
163,1197,2,1,0,1,2,1,0,0,1,1
164,390,3,1,2,1,1,1,0,5,5,5
165,600,0,0,2,0,0,1,0,4,0,2
166,152,3,0,1,1,0,0,0,3,2,6
167,1601,1,2,3,0,0,0,0,1,3,3
168,357,3,1,1,0,0,1,0,5,5,5
169,17,3,3,0,1,0,0,0,3,2,6
170,734,0,2,3,0,1,0,0,2,6,2
171,1722,1,1,3,2,1,1,0,1,3,3
172,798,0,1,1,1,0,1,0,2,6,2
173,85,3,3,3,0,1,2,0,3,2,6
174,252,3,2,1,1,2,1,0,5,5,0
175,387,3,1,2,1,2,1,0,5,5,5
176,776,0,1,0,2,2,0,0,2,6,2
177,248,3,2,1,0,1,0,0,5,5,0
178,1706,1,1,3,0,1,0,0,1,3,3
179,1193,2,1,0,0,1,0,0,0,1,1
180,562,0,0,0,2,1,2,0,4,0,5
181,129,3,0,0,2,1,1,0,3,2,6
182,1617,1,2,3,2,0,1,0,1,3,3
183,1411,1,0,0,0,0,2,0,0,1,1
184,1360,1,3,2,1,2,2,0,0,1,1
185,103,3,3,3,2,1,2,0,3,2,6
186,68,3,3,2,1,1,0,0,3,2,6
187,106,3,3,3,2,0,2,0,3,2,6
188,424,3,1,3,2,2,2,0,4,0,5
189,838,0,1,3,0,2,2,0,2,6,4
190,11,3,3,0,1,2,0,0,3,2,6
191,298,3,2,3,0,2,2,0,5,5,0
192,1570,1,2,2,0,1,2,0,1,3,3
193,399,3,1,2,2,1,1,0,4,0,5
194,846,0,1,3,1,2,1,0,2,6,4
195,987,2,0,0,1,0,1,0,6,4,4
196,591,0,0,1,2,0,1,0,4,0,2
197,866,2,3,0,0,2,0,0,2,6,4
198,460,0,3,1,0,2,2,0,4,0,5
199,1641,1,1,0,2,1,1,0,1,3,3
200,366,3,1,1,1,0,1,0,5,5,5
201,1675,1,1,2,0,2,2,0,1,3,3
202,1497,1,0,3,1,1,1,0,1,3,3
203,775,0,1,0,2,2,2,0,2,6,2
204,996,2,0,0,2,0,1,0,6,4,4
205,948,2,3,3,0,1,1,0,6,4,4
206,280,3,2,2,1,2,2,0,5,5,0
207,1539,1,2,1,0,2,1,0,1,3,3
208,6,3,3,0,0,0,1,0,3,2,6
209,1101,2,2,0,2,1,1,0,6,4,4
210,110,3,0,0,0,2,0,0,3,2,6
211,594,0,0,2,0,2,1,0,4,0,2
212,672,0,2,0,2,0,1,0,2,6,2
213,936,2,3,2,2,2,1,0,6,4,4
214,22,3,3,0,2,1,2,0,3,2,6
215,1409,1,0,0,0,1,0,0,0,1,1
216,831,0,1,2,2,1,1,0,2,6,4
217,937,2,3,2,2,2,2,0,6,4,4
218,1092,2,2,0,1,1,1,0,6,4,4
219,976,2,0,0,0,1,2,0,6,4,4
220,41,3,3,1,1,1,0,0,3,2,6
221,720,0,2,2,2,2,1,0,2,6,2
222,626,0,0,3,0,1,0,0,4,0,2
223,127,3,0,0,2,2,2,0,3,2,6
224,879,2,3,0,1,0,1,0,2,6,4
225,31,3,3,1,0,1,2,0,3,2,6
226,204,3,0,3,1,0,1,0,5,5,0
227,476,0,3,1,1,0,0,0,4,0,5
228,834,0,1,2,2,0,1,0,2,6,4
229,738,0,2,3,1,2,1,0,2,6,2
230,138,3,0,1,0,1,1,0,3,2,6
231,861,0,1,3,2,0,1,0,2,6,4
232,733,0,2,3,0,1,2,0,2,6,2
233,1659,1,1,1,1,1,1,0,1,3,3
234,676,0,2,1,0,2,2,0,2,6,2
235,63,3,3,2,1,2,1,0,3,2,6
236,636,0,0,3,1,0,1,0,4,0,2
237,1162,2,2,3,0,2,2,0,6,4,1
238,1125,2,2,1,2,2,1,0,6,4,1
239,471,0,3,1,1,1,1,0,4,0,5
240,522,0,3,3,1,2,1,0,4,0,5
241,1350,1,3,2,0,2,1,0,0,1,1
242,410,3,1,3,0,1,0,0,4,0,5
243,585,0,0,1,2,2,1,0,4,0,2
244,1033,2,0,2,0,0,2,0,6,4,4
245,299,3,2,3,0,2,0,0,5,5,0
246,177,3,0,2,1,0,1,0,3,2,0
247,1297,1,3,0,0,2,2,0,0,1,1
248,819,0,1,2,1,2,1,0,2,6,4
249,533,0,3,3,2,2,0,0,4,0,5
250,1569,1,2,2,0,1,1,0,1,3,3
251,663,0,2,0,1,0,1,0,2,6,2
252,653,0,2,0,0,1,0,0,2,6,2
253,780,0,1,0,2,0,1,0,2,6,2
254,1446,1,0,1,1,0,1,0,0,1,3
255,656,0,2,0,0,0,0,0,2,6,2
256,243,3,2,1,0,2,1,0,5,5,0
257,498,0,3,2,1,1,1,0,4,0,5
258,1200,2,1,0,1,1,1,0,0,1,1
259,479,0,3,1,2,2,0,0,4,0,5
260,378,3,1,2,0,2,1,0,5,5,5
261,43,3,3,1,1,0,2,0,3,2,6
262,262,3,2,1,2,2,2,0,5,5,0
263,76,3,3,2,2,1,2,0,3,2,6
264,574,0,0,1,0,0,2,0,4,0,2
265,648,0,2,0,0,2,1,0,2,6,2
266,570,0,0,1,0,1,1,0,4,0,2
267,438,0,3,0,0,0,1,0,4,0,5
268,1463,1,0,2,0,1,0,0,1,3,3
269,900,2,3,1,1,2,1,0,2,6,4
270,845,0,1,3,0,0,0,0,2,6,4
271,73,3,3,2,2,2,2,0,3,2,6
272,372,3,1,1,2,1,1,0,5,5,5
273,1380,1,3,3,0,1,1,0,0,1,1
274,346,3,1,0,2,1,2,0,5,5,5
275,198,3,0,3,1,2,1,0,5,5,0
276,1163,2,2,3,0,2,0,0,6,4,1
277,681,0,2,1,0,0,1,0,2,6,2
278,1460,1,0,2,0,2,0,0,1,3,3
279,35,3,3,1,0,0,0,0,3,2,6
280,1114,2,2,1,0,0,2,0,6,4,1
281,1035,2,0,2,1,2,1,0,6,4,4
282,1608,1,2,3,1,0,1,0,1,3,3
283,278,3,2,2,0,0,0,0,5,5,0
284,125,3,0,0,1,0,0,0,3,2,6
285,774,0,1,0,2,2,1,0,2,6,2
286,194,3,0,3,0,1,0,0,5,5,0
287,486,0,3,2,0,2,1,0,4,0,5
288,1686,1,1,2,1,1,1,0,1,3,3
289,3,3,3,0,0,1,1,0,3,2,6
290,383,3,1,2,0,1,0,0,5,5,5
291,924,2,3,2,0,0,1,0,6,4,4
292,332,3,1,0,0,0,0,0,5,5,0
293,1513,1,2,0,0,2,2,0,1,3,3
294,1342,1,3,1,2,2,2,0,0,1,1
295,955,2,3,3,1,2,2,0,6,4,4
296,1459,1,0,2,0,2,2,0,1,3,3
297,1131,2,2,1,2,0,1,0,6,4,1
298,79,3,3,2,2,0,2,0,3,2,6
299,1676,1,1,2,0,2,0,0,1,3,3
300,777,0,1,0,2,1,1,0,2,6,2
301,1568,1,2,2,0,2,0,0,1,3,3
302,1416,1,0,0,1,1,1,0,0,1,3
303,704,0,2,2,0,2,0,0,2,6,2
304,1628,1,1,0,0,0,0,0,1,3,3
305,1648,1,1,1,0,2,2,0,1,3,3
306,1324,1,3,1,0,2,2,0,0,1,1
307,1293,2,1,3,2,0,1,0,0,1,1
308,1347,1,3,1,2,0,1,0,0,1,1
309,1677,1,1,2,0,1,1,0,1,3,3
310,1563,1,2,1,2,0,1,0,1,3,3
311,99,3,3,3,2,2,1,0,3,2,6
312,1303,1,3,0,0,0,2,0,0,1,1
313,182,3,0,2,2,2,0,0,3,2,0
314,216,3,2,0,0,2,1,0,5,5,0
315,82,3,3,3,0,2,2,0,3,2,6
316,364,3,1,1,1,1,2,0,5,5,5
317,1689,1,1,2,1,0,1,0,1,3,3
318,1221,2,1,1,0,0,1,0,0,1,1
319,992,2,0,0,2,2,0,0,6,4,4
320,447,0,3,0,1,0,1,0,4,0,5
321,535,0,3,3,2,1,2,0,4,0,5
322,999,2,0,1,0,2,1,0,6,4,4
323,1405,1,0,0,0,2,2,0,0,1,1
324,484,0,3,1,2,0,2,0,4,0,5
325,1707,1,1,3,0,0,1,0,1,3,3
326,939,2,3,2,2,1,1,0,6,4,4
327,426,3,1,3,2,1,1,0,4,0,5
328,1701,1,1,3,0,2,1,0,1,3,3
329,1272,2,1,3,0,1,1,0,0,1,1
330,52,3,3,1,2,0,2,0,3,2,6
331,119,3,0,0,1,2,0,0,3,2,6
332,509,0,3,2,2,1,0,0,4,0,5
333,240,3,2,0,2,0,1,0,5,5,0
334,1209,2,1,0,2,1,1,0,0,1,1
335,886,2,3,0,2,1,2,0,2,6,4
336,945,2,3,3,0,2,1,0,6,4,4
337,1336,1,3,1,1,1,2,0,0,1,1
338,1135,2,2,2,0,2,2,0,6,4,1
339,1407,1,0,0,0,1,1,0,0,1,1
340,55,3,3,2,0,2,2,0,3,2,6
341,1594,1,2,3,0,2,2,0,1,3,3
342,80,3,3,2,2,0,0,0,3,2,6
343,16,3,3,0,1,0,2,0,3,2,6
344,47,3,3,1,2,2,0,0,3,2,6
345,1326,1,3,1,0,1,1,0,0,1,1
346,548,0,0,0,0,0,0,0,4,0,5
347,572,0,0,1,0,1,0,0,4,0,2
348,912,2,3,1,2,1,1,0,6,4,4
349,345,3,1,0,2,1,1,0,5,5,5
350,455,0,3,0,2,1,0,0,4,0,5
351,753,0,2,3,2,0,1,0,2,6,2
352,1557,1,2,1,2,2,1,0,1,3,3
353,952,2,3,3,0,0,2,0,6,4,4
354,504,0,3,2,2,2,1,0,4,0,5
355,155,3,0,1,2,2,0,0,3,2,0
356,1038,2,0,2,1,1,1,0,6,4,4
357,1284,2,1,3,1,0,1,0,0,1,1
358,915,2,3,1,2,0,1,0,6,4,4
359,149,3,0,1,1,1,0,0,3,2,6
360,640,0,0,3,2,2,2,0,4,0,2
361,1639,1,1,0,2,2,2,0,1,3,3
362,596,0,0,2,0,2,0,0,4,0,2
363,1622,1,1,0,0,2,0,0,1,3,3
364,1704,1,1,3,0,1,1,0,1,3,3
365,741,0,2,3,1,1,1,0,2,6,2
366,18,3,3,0,2,2,1,0,3,2,6
367,9,3,3,0,1,2,1,0,3,2,6
368,1227,2,1,1,1,1,1,0,0,1,1
369,316,3,2,3,2,2,2,0,5,5,0
370,1325,1,3,1,0,2,0,0,0,1,1
371,1623,1,1,0,0,1,1,0,1,3,3
372,1031,2,0,2,0,1,0,0,6,4,4
373,1077,2,0,3,2,0,1,0,6,4,4
374,1651,1,1,1,0,1,2,0,1,3,3
375,375,3,1,1,2,0,1,0,5,5,5
376,181,3,0,2,2,2,2,0,3,2,0
377,423,3,1,3,2,2,1,0,4,0,5
378,717,0,2,2,1,0,1,0,2,6,2
379,386,3,1,2,0,0,0,0,5,5,5
380,726,0,2,2,2,0,1,0,2,6,2
381,901,2,3,1,1,2,2,0,2,6,4
382,186,3,0,2,2,0,1,0,5,2,0
383,1506,1,0,3,2,1,1,0,1,3,3
384,839,0,1,3,0,2,0,0,2,6,4
385,1298,1,3,0,0,2,0,0,0,1,1
386,1020,2,0,1,2,1,1,0,6,4,4
387,178,3,0,2,1,0,2,0,3,2,0
388,170,3,0,2,0,0,0,0,3,2,0
389,1351,1,3,2,0,2,2,0,0,1,1
390,1182,2,2,3,2,1,1,0,0,1,1
391,650,0,2,0,0,2,0,0,2,6,2
392,984,2,0,0,1,1,1,0,6,4,4
393,291,3,2,2,2,1,1,0,5,5,0
394,690,0,2,1,1,0,1,0,2,6,2
395,116,3,0,0,0,0,0,0,3,2,6
396,1034,2,0,2,0,0,0,0,6,4,4
397,736,0,2,3,0,0,2,0,2,6,2
398,1219,2,1,1,0,1,2,0,0,1,1
399,1140,2,2,2,0,0,1,0,6,4,1
400,1215,2,1,1,0,2,1,0,0,1,1
401,303,3,2,3,0,0,1,0,5,5,0
402,1087,2,2,0,0,0,2,0,6,4,4
403,739,0,2,3,1,2,2,0,2,6,2
404,1287,2,1,3,2,2,1,0,0,1,1
405,444,0,3,0,1,1,1,0,4,0,5
406,837,0,1,3,0,2,1,0,2,6,4
407,513,0,3,3,0,2,1,0,4,0,5
408,54,3,3,2,0,2,1,0,3,2,6
409,764,0,1,0,0,0,0,0,2,6,2
410,612,0,0,2,2,2,1,0,4,0,2
411,582,0,0,1,1,0,1,0,4,0,2
412,1436,1,0,1,0,1,0,0,0,1,3
413,276,3,2,2,0,0,1,0,5,5,0
414,307,3,2,3,1,2,2,0,5,5,0
415,228,3,2,0,1,1,1,0,5,5,0
416,1412,1,0,0,0,0,0,0,0,1,1
417,516,0,3,3,0,1,1,0,4,0,5
418,1408,1,0,0,0,1,2,0,0,1,1
419,1386,1,3,3,1,2,1,0,0,1,1
420,661,0,2,0,1,1,2,0,2,6,2
421,649,0,2,0,0,2,2,0,2,6,2
422,598,0,0,2,0,1,2,0,4,0,2
423,1709,1,1,3,0,0,0,0,1,3,3
424,731,0,2,3,0,2,0,0,2,6,2
425,1207,2,1,0,2,2,2,0,0,1,1
426,167,3,0,2,0,1,0,0,3,2,0
427,21,3,3,0,2,1,1,0,3,2,6
428,15,3,3,0,1,0,1,0,3,2,6
429,1072,2,0,3,2,2,2,0,6,4,4
430,1681,1,1,2,0,0,2,0,1,3,3
431,555,0,0,0,1,0,1,0,4,0,5
432,207,3,0,3,2,2,1,0,5,5,0
433,81,3,3,3,0,2,1,0,3,2,6
434,134,3,0,0,2,0,0,0,3,2,6
435,246,3,2,1,0,1,1,0,5,5,0
436,25,3,3,0,2,0,2,0,3,2,6
437,985,2,0,0,1,1,2,0,6,4,4
438,627,0,0,3,0,0,1,0,4,0,2
439,1662,1,1,1,1,0,1,0,1,3,3
440,1224,2,1,1,1,2,1,0,0,1,1
441,1719,1,1,3,2,2,1,0,1,3,3
442,1220,2,1,1,0,1,0,0,0,1,1
443,577,0,0,1,1,2,2,0,4,0,2
444,77,3,3,2,2,1,0,0,3,2,6
445,1236,2,1,1,2,1,1,0,0,1,1
446,1044,2,0,2,2,2,1,0,6,4,4
447,120,3,0,0,1,1,1,0,3,2,6
448,351,3,1,1,0,2,1,0,5,5,5
449,810,0,1,2,0,2,1,0,2,6,4
450,497,0,3,2,1,2,0,0,4,0,5
451,472,0,3,1,1,1,2,0,4,0,5
452,547,0,0,0,0,0,2,0,4,0,5
453,1344,1,3,1,2,1,1,0,0,1,1
454,161,3,0,1,2,0,0,0,3,2,0
455,1521,1,2,0,1,2,1,0,1,3,3
456,1328,1,3,1,0,1,0,0,0,1,1
457,1544,1,2,1,0,1,0,0,1,3,3
458,439,0,3,0,0,0,2,0,4,0,5
459,1149,2,2,2,1,0,1,0,6,4,1
460,759,0,1,0,0,1,1,0,2,6,2
461,1230,2,1,1,1,0,1,0,0,1,1
462,1045,2,0,2,2,2,2,0,6,4,4
463,1621,1,1,0,0,2,2,0,1,3,3
464,225,3,2,0,1,2,1,0,5,5,0
465,820,0,1,2,1,2,2,0,2,6,4
466,1,3,3,0,0,2,2,0,3,2,6
467,675,0,2,1,0,2,1,0,2,6,2
468,847,0,1,3,1,2,2,0,2,6,4
469,855,0,1,3,2,2,1,0,2,6,4
470,412,3,1,3,0,0,2,0,4,0,5
471,544,0,0,0,0,1,2,0,4,0,5
472,331,3,1,0,0,0,2,0,5,5,0
473,816,0,1,2,0,0,1,0,2,6,4
474,1189,2,1,0,0,2,2,0,0,1,1
475,518,0,3,3,0,1,0,0,4,0,5
476,919,2,3,2,0,2,2,0,6,4,4
477,463,0,3,1,0,1,2,0,4,0,5
478,271,3,2,2,0,2,2,0,5,5,0
479,1665,1,1,1,2,2,1,0,1,3,3
480,496,0,3,2,1,2,2,0,4,0,5
481,277,3,2,2,0,0,2,0,5,5,0
482,501,0,3,2,1,0,1,0,4,0,5
483,526,0,3,3,1,1,2,0,4,0,5
484,432,0,3,0,0,2,1,0,4,0,5
485,543,0,0,0,0,1,1,0,4,0,5
486,1338,1,3,1,1,0,1,0,0,1,1
487,1365,1,3,2,1,0,1,0,0,1,1
488,184,3,0,2,2,1,2,0,3,2,0
489,469,0,3,1,1,2,2,0,4,0,5
490,693,0,2,1,2,2,1,0,2,6,2
491,1146,2,2,2,1,1,1,0,6,4,1
492,172,3,0,2,1,2,2,0,3,2,0
493,348,3,1,0,2,0,1,0,5,5,5
494,730,0,2,3,0,2,2,0,2,6,2
495,217,3,2,0,0,2,2,0,5,5,0
496,519,0,3,3,0,0,1,0,4,0,5
497,1330,1,3,1,0,0,2,0,0,1,1
498,1082,2,2,0,0,2,0,0,6,4,4
499,525,0,3,3,1,1,1,0,4,0,5
500,354,3,1,1,0,1,1,0,5,5,5
501,342,3,1,0,2,2,1,0,5,5,0
502,144,3,0,1,1,2,1,0,3,2,6
503,1629,1,1,0,1,2,1,0,1,3,3
504,213,3,0,3,2,0,1,0,5,5,0
505,179,3,0,2,1,0,0,0,3,2,0
506,51,3,3,1,2,0,1,0,3,2,6
507,385,3,1,2,0,0,2,0,5,5,5
508,957,2,3,3,1,1,1,0,6,4,4
509,1250,2,1,2,0,0,0,0,0,1,1
510,1000,2,0,1,0,2,2,0,6,4,4
511,464,0,3,1,0,1,0,0,4,0,5
512,621,0,0,3,0,2,1,0,4,0,2
513,625,0,0,3,0,1,2,0,4,0,2
514,1179,2,2,3,2,2,1,0,0,1,1
515,708,0,2,2,0,0,1,0,2,6,2
516,994,2,0,0,2,1,2,0,6,4,4
517,515,0,3,3,0,2,0,0,4,0,5
518,1080,2,2,0,0,2,1,0,6,4,4
519,411,3,1,3,0,0,1,0,4,0,5
520,1644,1,1,0,2,0,1,0,1,3,3
521,1218,2,1,1,0,1,1,0,0,1,1
522,540,0,0,0,0,2,1,0,4,0,5
523,1323,1,3,1,0,2,1,0,0,1,1
524,1304,1,3,0,0,0,0,0,0,1,1
525,200,3,0,3,1,2,0,0,5,5,0
526,1649,1,1,1,0,2,0,0,1,3,3
527,510,0,3,2,2,0,1,0,4,0,5
528,215,3,0,3,2,0,0,0,5,5,0
529,440,0,3,0,0,0,0,0,4,0,5
530,1116,2,2,1,1,2,1,0,6,4,1
531,244,3,2,1,0,2,2,0,5,5,0
532,1473,1,0,2,1,0,1,0,1,3,3
533,1327,1,3,1,0,1,2,0,0,1,1
534,188,3,0,2,2,0,0,0,5,5,0
535,1012,2,0,1,1,1,2,0,6,4,4
536,325,3,1,0,0,2,2,0,5,5,0
537,1188,2,1,0,0,2,1,0,0,1,1
538,1587,1,2,2,2,1,1,0,1,3,3
539,1311,1,3,0,1,0,1,0,0,1,1
540,37,3,3,1,1,2,2,0,3,2,6
541,449,0,3,0,1,0,0,0,4,0,5
542,1308,1,3,0,1,1,1,0,0,1,1
543,165,3,0,2,0,1,1,0,3,2,0
544,456,0,3,0,2,0,1,0,4,0,5
545,300,3,2,3,0,1,1,0,5,5,0
546,991,2,0,0,2,2,2,0,6,4,4
547,301,3,2,3,0,1,2,0,5,5,0
548,1702,1,1,3,0,2,2,0,1,3,3
549,48,3,3,1,2,1,1,0,3,2,6
550,765,0,1,0,1,2,1,0,2,6,2
551,922,2,3,2,0,1,2,0,6,4,4
552,747,0,2,3,2,2,1,0,2,6,2
553,552,0,0,0,1,1,1,0,4,0,5
554,1196,2,1,0,0,0,0,0,0,1,1
555,1306,1,3,0,1,2,2,0,0,1,1
556,0,3,3,0,0,2,1,0,3,2,6
557,609,0,0,2,1,0,1,0,4,0,2
558,1452,1,0,1,2,1,1,0,0,1,3
559,294,3,2,2,2,0,1,0,5,5,0
560,329,3,1,0,0,1,0,0,5,5,0
561,1167,2,2,3,0,0,1,0,6,4,1
562,1318,1,3,0,2,1,2,0,0,1,1
563,361,3,1,1,1,2,2,0,5,5,5
564,891,2,3,1,0,2,1,0,2,6,4
565,1368,1,3,2,2,2,1,0,0,1,1
566,219,3,2,0,0,1,1,0,5,5,0
567,1462,1,0,2,0,1,2,0,1,3,3
568,1428,1,0,0,2,0,1,0,0,1,3
569,1683,1,1,2,1,2,1,0,1,3,3
570,904,2,3,1,1,1,2,0,2,6,4
571,1086,2,2,0,0,0,1,0,6,4,4
572,1533,1,2,0,2,1,1,0,1,3,3
573,1680,1,1,2,0,0,1,0,1,3,3
574,333,3,1,0,1,2,1,0,5,5,0
575,1396,1,3,3,2,2,2,0,0,1,1
576,1166,2,2,3,0,1,0,0,6,4,1
577,344,3,1,0,2,2,0,0,5,5,0
578,1058,2,0,3,0,1,0,0,6,4,4
579,791,0,1,1,0,0,0,0,2,6,2
580,1036,2,0,2,1,2,2,0,6,4,4
581,156,3,0,1,2,1,1,0,3,2,0
582,1084,2,2,0,0,1,2,0,6,4,4
583,1419,1,0,0,1,0,1,0,0,1,3
584,70,3,3,2,1,0,2,0,3,2,6
585,162,3,0,2,0,2,1,0,3,2,0
586,305,3,2,3,0,0,0,0,5,5,0
587,312,3,2,3,1,0,1,0,5,5,0
588,61,3,3,2,0,0,2,0,3,2,6
589,132,3,0,0,2,0,1,0,3,2,6
590,1602,1,2,3,1,2,1,0,1,3,3
591,748,0,2,3,2,2,2,0,2,6,2
592,918,2,3,2,0,2,1,0,6,4,4
593,407,3,1,3,0,2,0,0,4,0,5
594,86,3,3,3,0,1,0,0,3,2,6
595,895,2,3,1,0,1,2,0,2,6,4
596,711,0,2,2,1,2,1,0,2,6,2
597,778,0,1,0,2,1,2,0,2,6,2
598,789,0,1,1,0,0,1,0,2,6,2
599,874,2,3,0,1,2,2,0,2,6,4
600,1593,1,2,3,0,2,1,0,1,3,3
601,930,2,3,2,1,1,1,0,6,4,4
602,100,3,3,3,2,2,2,0,3,2,6
603,130,3,0,0,2,1,2,0,3,2,6
604,1062,2,0,3,1,2,1,0,6,4,4
605,951,2,3,3,0,0,1,0,6,4,4
606,541,0,0,0,0,2,2,0,4,0,5
607,1379,1,3,3,0,2,0,0,0,1,1
608,710,0,2,2,0,0,0,0,2,6,2
609,253,3,2,1,1,2,2,0,5,5,0
610,379,3,1,2,0,2,2,0,5,5,5
611,856,0,1,3,2,2,2,0,2,6,4
612,1381,1,3,3,0,1,2,0,0,1,1
613,771,0,1,0,1,0,1,0,2,6,2
614,97,3,3,3,1,0,2,0,3,2,6
615,1155,2,2,2,2,1,1,0,6,4,1
616,601,0,0,2,0,0,2,0,4,0,2
617,1554,1,2,1,1,0,1,0,1,3,3
618,488,0,3,2,0,2,0,0,4,0,5
619,1260,2,1,2,2,2,1,0,0,1,1
620,1600,1,2,3,0,0,2,0,1,3,3
621,1611,1,2,3,2,2,1,0,1,3,3
622,481,0,3,1,2,1,2,0,4,0,5
623,124,3,0,0,1,0,2,0,3,2,6
624,1242,2,1,2,0,2,1,0,0,1,1
625,1489,1,0,3,0,1,2,0,1,3,3
626,1705,1,1,3,0,1,2,0,1,3,3
627,762,0,1,0,0,0,1,0,2,6,2
628,499,0,3,2,1,1,2,0,4,0,5
629,642,0,0,3,2,1,1,0,4,0,2
630,1134,2,2,2,0,2,1,0,6,4,1
631,358,3,1,1,0,0,2,0,5,5,5
632,1486,1,0,3,0,2,2,0,1,3,3
633,597,0,0,2,0,1,1,0,4,0,2
634,388,3,1,2,1,2,2,0,5,5,5
635,113,3,0,0,0,1,0,0,3,2,6
636,981,2,0,0,1,2,1,0,6,4,4
637,267,3,2,1,2,0,1,0,5,5,0
638,897,2,3,1,0,0,1,0,2,6,4
639,137,3,0,1,0,2,0,0,3,2,6
640,226,3,2,0,1,2,2,0,5,5,0
641,223,3,2,0,0,0,2,0,5,5,0
642,558,0,0,0,2,2,1,0,4,0,5
643,363,3,1,1,1,1,1,0,5,5,5
644,92,3,3,3,1,2,0,0,3,2,6
645,1424,1,0,0,2,2,0,0,0,1,3
646,511,0,3,2,2,0,2,0,4,0,5
647,1627,1,1,0,0,0,2,0,1,3,3
648,1107,2,2,1,0,2,1,0,6,4,1
649,560,0,0,0,2,2,0,0,4,0,5
650,870,2,3,0,0,0,1,0,2,6,4
651,445,0,3,0,1,1,2,0,4,0,5
652,1439,1,0,1,0,0,0,0,0,1,3
653,90,3,3,3,1,2,1,0,3,2,6
654,1624,1,1,0,0,1,2,0,1,3,3
655,1352,1,3,2,0,2,0,0,0,1,1
656,524,0,3,3,1,2,0,0,4,0,5
657,237,3,2,0,2,1,1,0,5,5,0
658,1008,2,0,1,1,2,1,0,6,4,4
659,1725,1,1,3,2,0,1,0,1,3,3
660,898,2,3,1,0,0,2,0,2,6,4
661,603,0,0,2,1,2,1,0,4,0,2
662,869,2,3,0,0,1,0,0,2,6,4
663,210,3,0,3,2,1,1,0,5,5,0
664,231,3,2,0,1,0,1,0,5,5,0
665,328,3,1,0,0,1,2,0,5,5,0
666,1524,1,2,0,1,1,1,0,1,3,3
667,1678,1,1,2,0,1,2,0,1,3,3
668,84,3,3,3,0,1,1,0,3,2,6
669,289,3,2,2,2,2,2,0,5,5,0
670,1059,2,0,3,0,0,1,0,6,4,4
671,975,2,0,0,0,1,1,0,6,4,4
672,1041,2,0,2,1,0,1,0,6,4,4
673,885,2,3,0,2,1,1,0,2,6,4
674,1519,1,2,0,0,0,2,0,1,3,3
675,1547,1,2,1,0,0,0,0,1,3,3
676,1362,1,3,2,1,1,1,0,0,1,1
677,1161,2,2,3,0,2,1,0,6,4,1
678,250,3,2,1,0,0,2,0,5,5,0
679,1674,1,1,2,0,2,1,0,1,3,3
680,714,0,2,2,1,1,1,0,2,6,2
681,143,3,0,1,0,0,0,0,3,2,6
682,59,3,3,2,0,1,0,0,3,2,6
683,20,3,3,0,2,2,0,0,3,2,6
684,927,2,3,2,1,2,1,0,6,4,4
685,275,3,2,2,0,1,0,0,5,5,0
686,707,0,2,2,0,1,0,0,2,6,2
687,1655,1,1,1,0,0,0,0,1,3,3
688,1668,1,1,1,2,1,1,0,1,3,3
689,1217,2,1,1,0,2,0,0,0,1,1
690,872,2,3,0,0,0,0,0,2,6,4
691,494,0,3,2,0,0,0,0,4,0,5
692,1572,1,2,2,0,0,1,0,1,3,3
693,682,0,2,1,0,0,2,0,2,6,2
694,1314,1,3,0,2,2,1,0,0,1,1
695,553,0,0,0,1,1,2,0,4,0,5
696,871,2,3,0,0,0,2,0,2,6,4
697,69,3,3,2,1,0,1,0,3,2,6
698,46,3,3,1,2,2,2,0,3,2,6
699,892,2,3,1,0,2,2,0,2,6,4
700,1018,2,0,1,2,2,2,0,6,4,4
701,78,3,3,2,2,0,1,0,3,2,6
702,1692,1,1,2,2,2,1,0,1,3,3
703,112,3,0,0,0,1,2,0,3,2,6
704,1515,1,2,0,0,1,1,0,1,3,3
705,436,0,3,0,0,1,2,0,4,0,5
706,211,3,0,3,2,1,2,0,5,5,0
707,1422,1,0,0,2,2,1,0,0,1,3
708,261,3,2,1,2,2,1,0,5,5,0
709,190,3,0,3,0,2,2,0,5,5,0
710,1500,1,0,3,1,0,1,0,1,3,3
711,1315,1,3,0,2,2,2,0,0,1,1
712,946,2,3,3,0,2,2,0,6,4,4
713,694,0,2,1,2,2,2,0,2,6,2
714,1467,1,0,2,1,2,1,0,1,3,3
715,1527,1,2,0,1,0,1,0,1,3,3
716,473,0,3,1,1,1,0,0,4,0,5
717,546,0,0,0,0,0,1,0,4,0,5
718,1301,1,3,0,0,1,0,0,0,1,1
719,420,3,1,3,1,0,1,0,4,0,5
720,602,0,0,2,0,0,0,0,4,0,2
721,282,3,2,2,1,1,1,0,5,5,0
722,1257,2,1,2,1,0,1,0,0,1,1
723,1514,1,2,0,0,2,0,0,1,3,3
724,1435,1,0,1,0,1,2,0,0,1,3
725,466,0,3,1,0,0,2,0,4,0,5
726,1647,1,1,1,0,2,1,0,1,3,3
727,442,0,3,0,1,2,2,0,4,0,5
728,1431,1,0,1,0,2,1,0,0,1,3
729,397,3,1,2,2,2,2,0,4,0,5
730,1299,1,3,0,0,1,1,0,0,1,1
731,324,3,1,0,0,2,1,0,5,5,0
732,865,2,3,0,0,2,2,0,2,6,4
733,1222,2,1,1,0,0,2,0,0,1,1
734,923,2,3,2,0,1,0,0,6,4,4
735,495,0,3,2,1,2,1,0,4,0,5
736,756,0,1,0,0,2,1,0,2,6,2
737,443,0,3,0,1,2,0,0,4,0,5
738,1392,1,3,3,1,0,1,0,0,1,1
739,595,0,0,2,0,2,2,0,4,0,2
740,1233,2,1,1,2,2,1,0,0,1,1
741,1316,1,3,0,2,2,0,0,0,1,1
742,1245,2,1,2,0,1,1,0,0,1,1
743,954,2,3,3,1,2,1,0,6,4,4
744,1359,1,3,2,1,2,1,0,0,1,1
745,973,2,0,0,0,2,2,0,6,4,4
746,825,0,1,2,1,0,1,0,2,6,4
747,1520,1,2,0,0,0,0,0,1,3,3
748,57,3,3,2,0,1,1,0,3,2,6
749,1488,1,0,3,0,1,1,0,1,3,3
750,1493,1,0,3,0,0,0,0,1,3,3
751,977,2,0,0,0,1,0,0,6,4,4
752,117,3,0,0,1,2,1,0,3,2,6
753,202,3,0,3,1,1,2,0,5,5,0
754,96,3,3,3,1,0,1,0,3,2,6
755,465,0,3,1,0,0,1,0,4,0,5
756,894,2,3,1,0,1,1,0,2,6,4
757,1057,2,0,3,0,1,2,0,6,4,4
758,1143,2,2,2,1,2,1,0,6,4,1
759,1571,1,2,2,0,1,0,0,1,3,3
760,1530,1,2,0,2,2,1,0,1,3,3
761,1560,1,2,1,2,1,1,0,1,3,3
762,483,0,3,1,2,0,1,0,4,0,5
763,478,0,3,1,2,2,2,0,4,0,5
764,882,2,3,0,2,2,1,0,2,6,4
765,32,3,3,1,0,1,0,0,3,2,6
766,502,0,3,2,1,0,2,0,4,0,5
767,192,3,0,3,0,1,1,0,5,5,0
768,2,3,3,0,0,2,0,0,3,2,6
769,174,3,0,2,1,1,1,0,3,2,0
770,1551,1,2,1,1,1,1,0,1,3,3
771,1278,2,1,3,1,2,1,0,0,1,1
772,1248,2,1,2,0,0,1,0,0,1,1
773,176,3,0,2,1,1,0,0,3,2,0
774,1005,2,0,1,0,0,1,0,6,4,4
775,1185,2,2,3,2,0,1,0,0,1,1
776,13,3,3,0,1,1,2,0,3,2,6
777,840,0,1,3,0,1,1,0,2,6,4
778,218,3,2,0,0,2,0,0,5,5,0
779,818,0,1,2,0,0,0,0,2,6,4
780,1545,1,2,1,0,0,1,0,1,3,3
781,7,3,3,0,0,0,2,0,3,2,6
782,920,2,3,2,0,2,0,0,6,4,4
783,844,0,1,3,0,0,2,0,2,6,4
784,158,3,0,1,2,1,0,0,3,2,0
785,699,0,2,1,2,0,1,0,2,6,2
786,1011,2,0,1,1,1,1,0,6,4,4
787,468,0,3,1,1,2,1,0,4,0,5
788,393,3,1,2,1,0,1,0,5,5,5
789,258,3,2,1,1,0,1,0,5,5,0
790,196,3,0,3,0,0,2,0,5,5,0
791,72,3,3,2,2,2,1,0,3,2,6
792,925,2,3,2,0,0,2,0,6,4,4
793,1112,2,2,1,0,1,0,0,6,4,1
794,712,0,2,2,1,2,2,0,2,6,2
795,107,3,3,3,2,0,0,0,3,2,6
796,1541,1,2,1,0,2,0,0,1,3,3
797,769,0,1,0,1,1,2,0,2,6,2
798,19,3,3,0,2,2,2,0,3,2,6
799,974,2,0,0,0,2,0,0,6,4,4
800,1212,2,1,0,2,0,1,0,0,1,1
801,531,0,3,3,2,2,1,0,4,0,5
802,1254,2,1,2,1,1,1,0,0,1,1
803,153,3,0,1,2,2,1,0,3,2,0
804,666,0,2,0,2,2,1,0,2,6,2
805,575,0,0,1,0,0,0,0,4,0,2
806,1652,1,1,1,0,1,0,0,1,3,3
807,1434,1,0,1,0,1,1,0,0,1,3
808,1190,2,1,0,0,2,0,0,0,1,1
809,414,3,1,3,1,2,1,0,4,0,5
810,910,2,3,1,2,2,2,0,6,4,4
811,247,3,2,1,0,1,2,0,5,5,0
812,1300,1,3,0,0,1,2,0,0,1,1
813,993,2,0,0,2,1,1,0,6,4,4
814,1491,1,0,3,0,0,1,0,1,3,3
815,193,3,0,3,0,1,2,0,5,5,0
816,921,2,3,2,0,1,1,0,6,4,4
817,512,0,3,2,2,0,0,0,4,0,5
818,1244,2,1,2,0,2,0,0,0,1,1
819,101,3,3,3,2,2,0,0,3,2,6
820,1698,1,1,2,2,0,1,0,1,3,3
821,1401,1,3,3,2,0,1,0,0,1,1
822,105,3,3,3,2,0,1,0,3,2,6
823,209,3,0,3,2,2,0,0,5,5,0
824,485,0,3,1,2,0,0,0,4,0,5
825,185,3,0,2,2,1,0,0,3,2,0
826,279,3,2,2,1,2,1,0,5,5,0
827,1464,1,0,2,0,0,1,0,1,3,3
828,795,0,1,1,1,1,1,0,2,6,2
829,1679,1,1,2,0,1,0,0,1,3,3
830,1047,2,0,2,2,1,1,0,6,4,4
831,980,2,0,0,0,0,0,0,6,4,4
832,75,3,3,2,2,1,1,0,3,2,6
833,876,2,3,0,1,1,1,0,2,6,4
834,613,0,0,2,2,2,2,0,4,0,2
835,429,3,1,3,2,0,1,0,4,0,5
836,273,3,2,2,0,1,1,0,5,5,0
837,804,0,1,1,2,1,1,0,2,6,2
838,168,3,0,2,0,0,1,0,3,2,0
839,1517,1,2,0,0,1,0,0,1,3,3
840,1438,1,0,1,0,0,2,0,0,1,3
841,703,0,2,2,0,2,2,0,2,6,2
842,969,2,3,3,2,0,1,0,6,4,4
843,1302,1,3,0,0,0,1,0,0,1,1
844,677,0,2,1,0,2,0,0,2,6,2
845,899,2,3,1,0,0,0,0,2,6,4
846,306,3,2,3,1,2,1,0,5,5,0
847,56,3,3,2,0,2,0,0,3,2,6
848,1371,1,3,2,2,1,1,0,0,1,1
849,83,3,3,3,0,2,0,0,3,2,6
850,359,3,1,1,0,0,0,0,5,5,5
851,849,0,1,3,1,1,1,0,2,6,4
852,1305,1,3,0,1,2,1,0,0,1,1
853,98,3,3,3,1,0,0,0,3,2,6
854,1654,1,1,1,0,0,2,0,1,3,3
855,814,0,1,2,0,1,2,0,2,6,4
856,523,0,3,3,1,2,2,0,4,0,5
857,327,3,1,0,0,1,1,0,5,5,0
858,195,3,0,3,0,0,1,0,5,5,0
859,148,3,0,1,1,1,2,0,3,2,6
860,527,0,3,3,1,1,0,0,4,0,5
861,154,3,0,1,2,2,2,0,3,2,0
862,45,3,3,1,2,2,1,0,3,2,6
863,571,0,0,1,0,1,2,0,4,0,2
864,467,0,3,1,0,0,0,0,4,0,5
865,1708,1,1,3,0,0,2,0,1,3,3
866,599,0,0,2,0,1,0,0,4,0,2
867,947,2,3,3,0,2,0,0,6,4,4
868,842,0,1,3,0,1,0,0,2,6,4
869,1605,1,2,3,1,1,1,0,1,3,3
870,302,3,2,3,0,1,0,0,5,5,0
871,732,0,2,3,0,1,1,0,2,6,2
872,1030,2,0,2,0,1,2,0,6,4,4
873,506,0,3,2,2,2,0,0,4,0,5
874,766,0,1,0,1,2,2,0,2,6,2
875,131,3,0,0,2,1,0,0,3,2,6
876,1203,2,1,0,1,0,1,0,0,1,1
877,793,0,1,1,1,2,2,0,2,6,2
878,829,0,1,2,2,2,2,0,2,6,4
879,337,3,1,0,1,1,2,0,5,5,0
880,493,0,3,2,0,0,2,0,4,0,5
881,668,0,2,0,2,2,0,0,2,6,2
882,474,0,3,1,1,0,1,0,4,0,5
883,843,0,1,3,0,0,1,0,2,6,4
884,532,0,3,3,2,2,2,0,4,0,5
885,1465,1,0,2,0,0,2,0,1,3,3
886,1490,1,0,3,0,1,0,0,1,3,3
887,142,3,0,1,0,0,2,0,3,2,6
888,67,3,3,2,1,1,2,0,3,2,6
889,757,0,1,0,0,2,2,0,2,6,2
890,1098,2,2,0,2,2,1,0,6,4,4
891,972,2,0,0,0,2,1,0,6,4,4
892,1007,2,0,1,0,0,0,0,6,4,4
893,1566,1,2,2,0,2,1,0,1,3,3
894,309,3,2,3,1,1,1,0,5,5,0
895,249,3,2,1,0,0,1,0,5,5,0
896,251,3,2,1,0,0,0,0,5,5,0
897,685,0,2,1,1,2,2,0,2,6,2
898,169,3,0,2,0,0,2,0,3,2,0
899,696,0,2,1,2,1,1,0,2,6,2
900,1432,1,0,1,0,2,2,0,0,1,3
901,604,0,0,2,1,2,2,0,4,0,2
902,1625,1,1,0,0,1,0,0,1,3,3
903,44,3,3,1,1,0,0,0,3,2,6
904,949,2,3,3,0,1,2,0,6,4,4
905,520,0,3,3,0,0,2,0,4,0,5
906,1531,1,2,0,2,2,2,0,1,3,3
907,1028,2,0,2,0,2,0,0,6,4,4
908,166,3,0,2,0,1,2,0,3,2,0
909,903,2,3,1,1,1,1,0,2,6,4
910,450,0,3,0,2,2,1,0,4,0,5
911,896,2,3,1,0,1,0,0,2,6,4
912,1632,1,1,0,1,1,1,0,1,3,3
913,514,0,3,3,0,2,2,0,4,0,5
914,667,0,2,0,2,2,2,0,2,6,2
915,534,0,3,3,2,1,1,0,4,0,5
916,507,0,3,2,2,1,1,0,4,0,5
917,201,3,0,3,1,1,1,0,5,5,0
918,1369,1,3,2,2,2,2,0,0,1,1
919,448,0,3,0,1,0,2,0,4,0,5
920,858,0,1,3,2,1,1,0,2,6,4
921,23,3,3,0,2,1,0,0,3,2,6
922,1413,1,0,0,1,2,1,0,0,1,1
923,33,3,3,1,0,0,1,0,3,2,6
924,1095,2,2,0,1,0,1,0,6,4,4
925,1208,2,1,0,2,2,0,0,0,1,1
926,684,0,2,1,1,2,1,0,2,6,2
927,489,0,3,2,0,1,1,0,4,0,5
928,212,3,0,3,2,1,0,0,5,5,0
929,206,3,0,3,1,0,0,0,5,5,0
930,933,2,3,2,1,0,1,0,6,4,4
931,452,0,3,0,2,2,0,0,4,0,5
932,1317,1,3,0,2,1,1,0,0,1,1
933,1653,1,1,1,0,0,1,0,1,3,3
934,191,3,0,3,0,2,0,0,5,5,0
935,1065,2,0,3,1,1,1,0,6,4,4
936,893,2,3,1,0,2,0,0,2,6,4
937,39,3,3,1,1,1,1,0,3,2,6
938,877,2,3,0,1,1,2,0,2,6,4
939,34,3,3,1,0,0,2,0,3,2,6
940,462,0,3,1,0,1,1,0,4,0,5
941,1320,1,3,0,2,0,1,0,0,1,1
942,87,3,3,3,0,0,1,0,3,2,6
943,1518,1,2,0,0,0,1,0,1,3,3
944,928,2,3,2,1,2,2,0,6,4,4
945,42,3,3,1,1,0,1,0,3,2,6
946,1710,1,1,3,1,2,1,0,1,3,3
947,622,0,0,3,0,2,2,0,4,0,2
948,1640,1,1,0,2,2,0,0,1,3,3
949,1509,1,0,3,2,0,1,0,1,3,3
950,180,3,0,2,2,2,1,0,3,2,0
951,1027,2,0,2,0,2,2,0,6,4,4
952,812,0,1,2,0,2,0,0,2,6,4
953,183,3,0,2,2,1,1,0,3,2,0
954,1626,1,1,0,0,0,1,0,1,3,3
955,326,3,1,0,0,2,0,0,5,5,0
956,1329,1,3,1,0,0,1,0,0,1,1
957,434,0,3,0,0,2,0,0,4,0,5
